An Binh Commercial JS Bank,ABB
Asia Commercial Bank,ACB
HDBank,HDB
Ho Chi Minh Development Commercial Joint Stock Bank,HDB
Lien Viet Post Joint Stock Commercial Bank,LVP
Military Commercial Joint Stock Bank,MB
Orient Commercial Bank,OCB
Saigon Thuong Tin Commercial Joint Stock Bank,SGB
Sea Bank,SEA
SouthEast Asia Commercial Joint Stock Bank,SEA
Tien Phong Bank,TPB
Tien Phong Commercial Joint Stock Bank,TPB
vbma.org.vn,VBMA
Vietnam Bond Market Association,VBMA
Vietnam Export - Import Bank,EIB
Vietnam International Bank,VIB
Vietnam Maritime Commercial Joint Stock Bank,MSB
Vietnam Prosperity JS Commercial Bank,VPB
Vietnam Technological Commercial Joint Stock Bank,TCB
